name_short	name_official	regex	ISO2	ISO3	ISOnumeric	UNcode	FAOcode	GBDcode	continent	UNregion	EXIO1	EXIO2	EXIO3	EXIO1_3L	EXIO2_3L	EXIO3_3L	WIOD	Eora	MESSAGE	IMAGE	REMIND	OECD	EU	EU28	EU27	EU27_2007	EU25	EU15	EU12	EEA	Schengen	EURO	UN	UNmember	obsolete	Cecilia2050	BRIC	APEC	BASIC	CIS	G7	G20	IEA	DACcode
Afghanistan	Islamic Republic of Afghanistan	afghan\w*	AF	AFG	4	4	2	160	Asia	Southern Asia	WW	WA	WA	WWW	WWA	WWA	RoW	AFG	SAS	Rest of South Asia	OAS												1946	1946		RoW							Other non-OECD Asia	625
Aland Islands	Åland Islands	\b(a|å)land\b	AX	ALA	248	248	284		Europe	Northern Europe	WW	WE	WE	WWW	WWE	WWE	RoW	ALA			EUR															RoW
Albania	Republic of Albania	\balbania\w*	AL	ALB	8	8	3	43	Europe	Southern Europe	WW	WE	WE	WWW	WWE	WWE	RoW	ALB	EEU	Central Europe	NEU												1955	1955		RoW							Albania	71
Algeria	People's Democratic Republic of Algeria	\balgeria\w*	DZ	DZA	12	12	4	139	Africa	Northern Africa	WW	WF	WF	WWW	WWF	WWF	RoW	DZA	MEA	Northern Africa	MEA												1962	1962		RoW							Algeria	130
American Samoa	American Samoa	americ\w* samoa\w*	AS	ASM	16	16	5	298	Oceania	Polynesia	WW	WA	WA	WWW	WWA	WWA	RoW	ASM	PAS	Oceania	OAS															RoW							Other non-OECD Asia	880
Andorra	Principality of Andorra	\bandorra\w*	AD	AND	20	20	6	74	Europe	Southern Europe	WW	WE	WE	WWW	WWE	WWE	RoW	AND	WEU	Western Europe	NEU												1993	1993		RoW
Angola	Republic of Angola	\bangola\w*	AO	AGO	24	24	7	168	Africa	Middle Africa	WW	WF	WF	WWW	WWF	WWF	RoW	AGO	AFR	Rest of Southern Africa	SSA												1976	1976		RoW							Angola	225
Anguilla	Anguilla	\banguill?a\w*	AI	AIA	660	660	258		America	Caribbean	WW	WL	WL	WWW	WWL	WWL	RoW	AIA		Central America	LAM															RoW							Other non-OECD Americas
Antarctica	Antarctica	\bantarctica\w*	AQ	ATA	10	10	30		Antarctica	Antarctica	WW	WA	WA	WWW	WWA	WWA	RoW				LAM															RoW							Other non-OECD Asia
Antigua and Barbuda	Antigua and Barbuda	\bantigua\w*	AG	ATG	28	28	8	105	America	Caribbean	WW	WL	WL	WWW	WWL	WWL	RoW	ATG	LAC		LAM												1981	1981		RoW							Other non-OECD Americas	377
Argentina	Argentine Republic	\bargentin\w*|buenos aires\w*	AR	ARG	32	32	9	97	America	South America	WW	WL	WL	WWW	WWL	WWL	RoW	ARG	LAC	Rest of South America	LAM												1945	1945		RoW						G20	Argentina	425
Armenia	Republic of Armenia	\barmenia\w*	AM	ARM	51	51	1	33	Asia	Western Asia	WW	WA	WA	WWW	WWA	WWA	RoW	ARM	FSU	Russia region	REF												1992	1992		RoW				CIS			Armenia	610
Aruba	Aruba   (?<!\bbonaire.*)\baruba\w* AW	ABW	533	533	22		America	Caribbean	WW	WL	WL	WWW	WWL	WWL	RoW	ABW		Central America	LAM															RoW							Other non-OECD Americas
Australia	Commonwealth of Australia	\baustralia\w*|sydney|melbourne	AU	AUS	36	36	10	71	Oceania	Australia and New Zealand	AU	AU	AU	AUS	AUS	AUS	AUS	AUS	PAO	Oceania	CAZ	1971											1945	1945		HI		APEC				G20	Australia	801
Austria	Republic of Austria	\baustria\w*|\bvienna\w*	AT	AUT	40	40	11	75	Europe	Western Europe	AT	AT	AT	AUT	AUT	AUT	AUT	AUT	WEU	Western Europe	EUR	1961	EU	EU28	EU27	EU27_2007	EU25	EU15		EEA	Schengen	1999	1955	1955		EU						G20	Austria	1
Azerbaijan	Republic of Azerbaijan	\bazerbaijan\w*	AZ	AZE	31	31	52	34	Asia	Western Asia	WW	WA	WA	WWW	WWA	WWA	RoW	AZE	FSU	Russia region	REF												1992	1992		RoW				CIS			Azerbaijan	611
Bahamas	Commonwealth of the Bahamas	\bbahamas\w*	BS	BHS	44	44	12	106	America	Caribbean	WW	WL	WL	WWW	WWL	WWL	RoW	BHS	LAC	Central America	LAM												1973	1973		RoW							Other non-OECD Americas
Bahrain	Kingdom of Bahrain	\bbahrain\w*	BH	BHR	48	48	13	140	Asia	Western Asia	WW	WM	WM	WWW	WWM	WWM	RoW	BHR	MEA	Middle East	MEA												1971	1971		RoW							Bahrain
Bangladesh	People's Republic of Bangladesh	bangladesh\w*|east\w* paki?stan\w*	BD	BGD	50	50	16	161	Asia	Southern Asia	WW	WA	WA	WWW	WWA	WWA	RoW	BGD	SAS	Rest of South Asia	OAS												1974	1974		RoW							Bangladesh	666
Barbados	Barbados	\bbarbados\w*	BB	BRB	52	52	14	107	America	Caribbean	WW	WL	WL	WWW	WWL	WWL	RoW	BRB	LAC	Central America	LAM												1966	1966		RoW							Other non-OECD Americas
Belarus	Republic of Belarus	\bbelarus\w*|\bbyelo\w*	BY	BLR	112	112	57	57	Europe	Eastern Europe	WW	WE	WE	WWW	WWE	WWE	RoW	BLR	FSU	Ukraine region	REF												1945	1945		RoW				CIS			Belarus	86
Belgium	Kingdom of Belgium	(?<!\bluxem.*)\bbelgium\w*|\bbrussels\w*	BE	BEL	56	56	255	76	Europe	Western Europe	BE	BE	BE	BEL	BEL	BEL	BEL	BEL	WEU	Western Europe	EUR	1961	EU	EU28	EU27	EU27_2007	EU25	EU15	EU12	EEA	Schengen	1999	1945	1945		EU						G20	Belgium	2
Belize	Belize	\bbelize\b|british honduras\w*	BZ	BLZ	84	84	23	108	America	Central America	WW	WL	WL	WWW	WWL	WWL	RoW	BLZ	LAC	Central America	LAM												1981	1981		RoW							Other non-OECD Americas	352
Benin	Republic of Benin	\bbenin\w*|\bdahome\w*	BJ	BEN	204	204	53	200	Africa	Western Africa	WW	WF	WF	WWW	WWF	WWF	RoW	BEN	AFR	Western Africa	SSA												1960	1960		RoW							Benin	236
Bermuda	Bermuda	\bbermuda\w*	BM	BMU	60	60	17	305	America	Northern America	WW	WL	WL	WWW	WWL	WWL	RoW	BMU	LAC	Central America	LAM															RoW							Other non-OECD Americas
Bhutan	Kingdom of Bhutan	\bbhutan\w*	BT	BTN	64	64	18	162	Asia	Southern Asia	WW	WA	WA	WWW	WWA	WWA	RoW	BTN	SAS	Rest of South Asia	OAS												1971	1971		RoW							Other non-OECD Asia	630
Bolivia	Plurinational State of Bolivia	\bbolivia\w*	BO	BOL	68	68	19	121	America	South America	WW	WL	WL	WWW	WWL	WWL	RoW	BOL	LAC	Rest of South America	LAM												1945	1945		RoW							Plurinational State of Bolivia	428
"Bonaire, Saint Eustatius and Saba"	"Bonaire, Saint Eustatius and Saba"	\bbonaire eustatius\w*|\bcarib netherlands\w*|\bbes.?islands\w*	BQ	BES	535	535	278		America	Caribbean	WW	WL	WL	WWW	WWL	WWL	RoW				LAM															RoW							Other non-OECD Americas
Bosnia and Herzegovina	Bosnia and Herzegovina	\bherzegovina\w*|\bbosnia\w*	BA	BIH	70	70	80	44	Europe	Southern Europe	WW	WE	WE	WWW	WWE	WWE	RoW	BIH	EEU	Central Europe	NEU												1992	1992		RoW							Bosnia and Herzegovina	64
Botswana	Republic of Botswana	\bbotswana\w*|\bbechuana\w*	BW	BWA	72	72	20	193	Africa	Southern Africa	WW	WF	WF	WWW	WWF	WWF	RoW	BWA	AFR	Rest of Southern Africa	SSA												1966	1966		RoW							Botswana	227
Bouvet Island	Bouvet Island	\bbouvet\w*	BV	BVT	74	74	31		Antarctica	South America	WW	WA	WA	WWW	WWA	WWA	RoW				LAM															RoW							Other non-OECD Asia
Brazil	Federative Republic of Brazil	\bbrazil\w*|rio de janeiro\w*|sao paulo\w*|são paulo\w*	BR	BRA	76	76	21	135	America	South America	BR	BR	BR	BRA	BRA	BRA	BRA	BRA	LAC	Brazil	LAM												1945	1945		BX	BRIC		BASIC			G20	Brazil	431
British Antarctic Territories	British Antarctic Territories	br.*antarctic.?territ\w*	B1	BA1					Antarctica		WW	WA	WA	WWW	WWA	WWA	RoW																		1979	RoW
British Indian Ocean Territory	British Indian Ocean Territory	br.*indian.?ocean\w*	IO	IOT	86	86	24		Africa	Eastern Africa	WW	WA	WA	WWW	WWA	WWA	RoW		AFR		OAS															RoW							Other non-OECD Asia
British Virgin Islands	British Virgin Islands	\bu\.?\s?k\.? virgin\w*|\bbr\w* virgin\w*|kingdom virgin\w*|\bbvi\b	VG	VGB	92	92	239		America	Caribbean	WW	WL	WL	WWW	WWL	WWL	RoW	VGB		Central America	LAM															RoW							Other non-OECD Americas
Brunei Darussalam	"Nation of Brunei, Abode of Peace"	\bbrunei\w*	BN	BRN	96	96	26	66	Asia	South-Eastern Asia	WW	WA	WA	WWW	WWA	WWA	RoW	BRN	PAS	Southeastern Asia	OAS												1984	1984		RoW		APEC					Brunei Darussalam
Bulgaria	Republic of Bulgaria	\bbulgaria\w*	BG	BGR	100	100	27	45	Europe	Eastern Europe	BG	BG	BG	BGR	BGR	BGR	BGR	BGR	EEU	Central Europe	EUR		EU	EU28	EU27	EU27_2007				EEA			1955	1955		EU						G20	Bulgaria	72
Burkina Faso	Burkina Faso	\bburkina\w*|\bfaso\w*|\bupper.?volta\w*	BF	BFA	854	854	233	201	Africa	Western Africa	WW	WF	WF	WWW	WWF	WWF	RoW	BFA	AFR	Western Africa	SSA												1960	1960		RoW							Other Africa	287
Burundi	Republic of Burundi	\bburundi\w*	BI	BDI	108	108	29	175	Africa	Eastern Africa	WW	WF	WF	WWW	WWF	WWF	RoW	BDI	AFR	Eastern Africa	SSA												1962	1962		RoW							Other Africa	228
Cabo Verde	Republic of Cabo Verde	(cabo|cape) *verde\w*	CV	CPV	132	132	35	203	Africa	Western Africa	WW	WF	WF	WWW	WWF	WWF	RoW	CPV	AFR	Western Africa	SSA												1975	1975		RoW							Other Africa	230
Cambodia	Kingdom of Cambodia	cambodia\w*|kampuchea\w*|khmer\w*	KH	KHM	116	116	115	10	Asia	South-Eastern Asia	WW	WA	WA	WWW	WWA	WWA	RoW	KHM	CPA	Southeastern Asia	OAS												1955	1955		RoW							Cambodia	728
Cameroon	Republic of Cameroon	cameroon\w*	CM	CMR	120	120	32	202	Africa	Middle Africa	WW	WF	WF	WWW	WWF	WWF	RoW	CMR	AFR	Western Africa	SSA												1960	1960		RoW							Cameroon	229
Canada	Canada	\bcanada\w*|toronto\w*|montreal\w*|vancouver\w*	CA	CAN	124	124	33	101	America	Northern America	CA	CA	CA	CAN	CAN	CAN	CAN	CAN	NAM	Canada	CAZ	1961											1945	1945		HI		APEC			G7	G20	Canada	301
Cayman Islands	Cayman Islands	\bcayman\w*	KY	CYM	136	136	36		America	Caribbean	WW	WL	WL	WWW	WWL	WWL	RoW	CYM		Central America	LAM															RoW							Other non-OECD Americas
Central African Republic	Central African Republic	central.?african.?rep\w*	CF	CAF	140	140	37	169	Africa	Middle Africa	WW	WF	WF	WWW	WWF	WWF	RoW	CAF	AFR	Western Africa	SSA												1960	1960		RoW							Other Africa	231
Chad	Republic of Chad	\bchad\b	TD	TCD	148	148	39	204	Africa	Middle Africa	WW	WF	WF	WWW	WWF	WWF	RoW	TCD	AFR	Western Africa	SSA												1960	1960		RoW							Other Africa	232
Channel Islands	Channel Islands	channel.?island\w*		CHI	830	830	259		Europe	Northern Europe	WW	WE	WE	WWW	WWE	WWE	RoW		WEU											EEA					2006	RoW
Chile	Republic of Chile	\bchile\b	CL	CHL	152	152	40	98	America	South America	WW	WL	WL	WWW	WWL	WWL	RoW	CHL	LAC	Rest of South America	LAM	2010											1945	1945		RoW		APEC					Chile
China	People's Republic of China	(?<!\brepub.*)(?<!\btaiwan.*)(?<!\bhong.*kong.*)(?<!\bmacao.*)\bchina(?!.*hong.*kong)(?!.*macao)|\bP\.?R\.?C\.?\\b|shenzhen|shanghai|beijing|guangzhou|zhuhai|guilin|chengdu|xi'an|xinjiang|xiamen|hangzhou|dalian|tianjin|qingdao	CN	CHN	156	156	351	6	Asia	Eastern Asia	CN	CN	CN	CHN	CHN	CHN	CHN	CHN	CPA	China region	CHA												1945	1945		BX	BRIC	APEC	BASIC			G20	People's Republic of China	730
Christmas Island	Christmas Island	christmas island\w*	CX	CXR	162	162	42		Asia	Australia and New Zealand	WW	WA	WA	WWW	WWA	WWA	RoW				OAS															RoW							Other non-OECD Asia
Cocos (Keeling) Islands	Territory of the Cocos (Keeling) Islands	\bcocos\b|\bkeeling\b	CC	CCK	166	166	43		Asia	Australia and New Zealand	WW	WA	WA	WWW	WWA	WWA	RoW				OAS															RoW							Other non-OECD Asia
Colombia	Republic of Colombia	colombia\w*|bogota\w*	CO	COL	170	170	44	125	America	South America	WW	WL	WL	WWW	WWL	WWL	RoW	COL	LAC	Rest of South America	LAM	2020											1945	1945		RoW							Colombia	437
Comoros	Union of the Comoros	\bcomoro\w*	KM	COM	174	174	45	176	Africa	Eastern Africa	WW	WF	WF	WWW	WWF	WWF	RoW	COM	AFR	Eastern Africa	SSA												1975	1975		RoW							Other Africa	233
Congo Republic	Republic of the Congo	"(?<!\bdem.*)(?<!\bdr.*)(?<!kinshasa.*)(?<!zaire.*)(?<!belg.*)(?<!l\w{1,2}opoldville.*)(?<!\bfree.*)(rep.*)\bcongo(?!\bdem.*)(?!\bdr.*)|\bwest.*congo|congo[,;\s]*(?!.*dem)rep\w*|^congo$|\bcongo.*brazza\w*"	CG	COG	178	178	46	170	Africa	Middle Africa	WW	WF	WF	WWW	WWF	WWF	RoW	COG	AFR	Western Africa	SSA												1960	1960		RoW							Republic of the Congo	234
Cook Islands	Cook Islands	\bcook island\w*	CK	COK	184	184	47	320	Oceania	Polynesia	WW	WA	WA	WWW	WWA	WWA	RoW	COK		Oceania	OAS															RoW							Other non-OECD Asia
Costa Rica	Republic of Costa Rica	costa.?rica\w*	CR	CRI	188	188	48	126	America	Central America	WW	WL	WL	WWW	WWL	WWL	RoW	CRI	LAC	Central America	LAM												1945	1945		RoW							Costa Rica	336
Cote d'Ivoire	Republic of Côte d'Ivoire	\bivoire\w*	CI	CIV	384	384	107	205	Africa	Western Africa	WW	WF	WF	WWW	WWF	WWF	RoW	CIV	AFR	Western Africa	SSA												1960	1960		RoW							Côte d'Ivoire	247
Croatia	Republic of Croatia	croatia\w*|hrvatska\w*	HR	HRV	191	191	98	46	Europe	Southern Europe	WW	WE	HR	WWW	WWE	HRV	RoW	HRV	EEU	Central Europe	EUR		EU	EU28	EU27					EEA			1992	1992		RoW						G20	Croatia	62
Cuba	Republic of Cuba	\bcuba\w*	CU	CUB	192	192	49	109	America	Caribbean	WW	WL	WL	WWW	WWL	WWL	RoW	CUB	LAC		LAM												1945	1945		RoW							Cuba	338
Curacao	Country of Curaçao	\bcura(c|ç)ao\w*	CW	CUW	531	531	279		America	Caribbean	WW	WL	WL	WWW	WWL	WWL	RoW				LAM															RoW							Curaçao/Netherlands Antilles
Cyprus	Republic of Cyprus	\bcyprus\w*	CY	CYP	196	196	50	77	Asia	Western Asia	CY	CY	CY	CYP	CYP	CYP	CYP	CYP	WEU	Central Europe	EUR		EU	EU28	EU27	EU27_2007	EU25			EEA		2008	1960	1960		EU						G20	Cyprus	30
Czech Republic	Czech Republic	\brep.*czech\w*|\bczechia\w*|\bbohemia\w*|\bczech\w*|\bprague\w*	CZ	CZE	203	203	167	47	Europe	Eastern Europe	CZ	CZ	CZ	CZE	CZE	CZE	CZE	CZE	EEU	Central Europe	EUR	1995	EU	EU28	EU27	EU27_2007	EU25			EEA	Schengen		1993	1993		EU						G20	Czech Republic	68
Denmark	Kingdom of Denmark	\bdenmark\b|\bcopenhagen\w*	DK	DNK	208	208	54	78	Europe	Northern Europe	DK	DK	DK	DNK	DNK	DNK	DNK	DNK	WEU	Western Europe	EUR	1961	EU	EU28	EU27	EU27_2007	EU25	EU15	EU12	EEA	Schengen		1945	1945		EU						G20	Denmark	3
Djibouti	Republic of Djibouti	\bdjibouti\w*	DJ	DJI	262	262	72	177	Africa	Eastern Africa	WW	WF	WF	WWW	WWF	WWF	RoW	DJI	AFR	Eastern Africa	SSA												1977	1977		RoW							Other Africa	274
Dominica	Commonwealth of Dominica	\bdominica(?!n)\w*	DM	DMA	212	212	55	110	America	Caribbean	WW	WL	WL	WWW	WWL	WWL	RoW	DMA	LAC	Central America	LAM												1978	1978		RoW							Other non-OECD Americas	378
Dominican Republic	Dominican Republic	\bdominican\w*|\bpunta cana\w*	DO	DOM	214	214	56	111	America	Caribbean	WW	WL	WL	WWW	WWL	WWL	RoW	DOM	LAC	Central America	LAM												1945	1945		RoW							Dominican Republic	340
DR Congo	Democratic Republic of the Congo	"\bdem.*congo|congo.*\bdem|congo.*\bdr|\bdr.*congo|\bd\.?r\.?c|\\bd\.?r\.?o\.?c|\br\.?d\\.?c|belgian.?congo|congo.?free.?state|kinshasa|zaire|l\w{1,2}opoldville|^the\ congo$|^RDC$|^DROC$|\bcongo.*dem\w*"	CD	COD	180	180	250	171	Africa	Middle Africa	WW	WF	WF	WWW	WWF	WWF	RoW	COD	AFR	Western Africa	SSA												1960	1960		RoW							Democratic Republic of the Congo	235
Ecuador	Republic of Ecuador	\becuador\w*|\bquito\w*	EC	ECU	218	218	58	122	America	South America	WW	WL	WL	WWW	WWL	WWL	RoW	ECU	LAC	Rest of South America	LAM												1945	1945		RoW							Ecuador	440
Egypt	Arab Republic of Egypt	\begypt\w*|\bcairo\w*|\bhurghada\w*	EG	EGY	818	818	59	141	Africa	Northern Africa	WW	WM	WM	WWW	WWM	WWM	RoW	EGY	MEA	Northern Africa	MEA												1945	1945		RoW							Egypt	142
El Salvador	Republic of El Salvador	\bel.?salvador\w*	SV	SLV	222	222	60	127	America	Central America	WW	WL	WL	WWW	WWL	WWL	RoW	SLV	LAC	Central America	LAM												1945	1945		RoW							El Salvador	342
Equatorial Guinea	Republic of Equatorial Guinea	\bguine.*\beq\w*|\beq.*guine|\bspan.*guinea\w*	GQ	GNQ	226	226	61	172	Africa	Middle Africa	WW	WF	WF	WWW	WWF	WWF	RoW	GNQ	AFR	Western Africa	SSA												1968	1968		RoW							Equatorial Guinea	245
Eritrea	State of Eritrea	\beritrea\w*	ER	ERI	232	232	178	178	Africa	Eastern Africa	WW	WF	WF	WWW	WWF	WWF	RoW	ERI	AFR	Eastern Africa	SSA												1993	1993		RoW							Eritrea	271
Estonia	Republic of Estonia	\bestonia\w*	EE	EST	233	233	63	58	Europe	Northern Europe	EE	EE	EE	EST	EST	EST	EST	EST	EEU	Central Europe	EUR	2010	EU	EU28	EU27	EU27_2007	EU25			EEA	Schengen	2011	1991	1991		EU						G20	Estonia	82
Eswatini	Kingdom of Eswatini	\bswaziland\w*|\beswatini\w*	SZ	SWZ	748	748	209	197	Africa	Southern Africa	WW	WF	WF	WWW	WWF	WWF	RoW	SWZ	AFR	Rest of Southern Africa	SSA												1968	1968		RoW							Other Africa	280
Ethiopia	Federal Democratic Republic of Ethiopia	\bethiopia\w*|\babyssinia\w*	ET	ETH	231	231	238	179	Africa	Eastern Africa	WW	WF	WF	WWW	WWF	WWF	RoW	ETH	AFR	Eastern Africa	SSA												1945	1945		RoW							Ethiopia	238
Faeroe Islands	Faeroe Islands	\bfaroe\w*|\bfaeroe\w*	FO	FRO	234	234	64		Europe	Northern Europe	WW	WE	WE	WWW	WWE	WWE	RoW	FRO	WEU	Western Europe	EUR										Schengen					RoW
Falkland Islands	Falkland Islands (Malvinas)	\bfalkland\w*|\bmalvinas\w*	FK	FLK	238	238	65		America	South America	WW	WL	WL	WWW	WWL	WWL	RoW	FLK		Rest of South America	LAM															RoW							Other non-OECD Americas
Fiji	Republic of Fiji	\bfiji\b(?!\W+water\b)	FJ	FJI	242	242	66	22	Oceania	Melanesia	WW	WA	WA	WWW	WWA	WWA	RoW	FJI	PAS	Oceania	OAS												1970	1970		RoW							Other non-OECD Asia	832
Finland	Republic of Finland	\bfinland\w*	FI	FIN	246	246	67	79	Europe	Northern Europe	FI	FI	FI	FIN	FIN	FIN	FIN	FIN	WEU	Western Europe	EUR	1969	EU	EU28	EU27	EU27_2007	EU25	EU15		EEA	Schengen	1999	1955	1955		EU						G20	Finland	18
France	French Republic	\bfrance\w*|\bfrench.?republic\w*|\bparis\b(?!\W+hilton\b)	FR	FRA	250	250	68	80	Europe	Western Europe	FR	FR	FR	FRA	FRA	FRA	FRA	FRA	WEU	Western Europe	EUR	1961	EU	EU28	EU27	EU27_2007	EU25	EU15	EU12	EEA	Schengen	1999	1945	1945		EU					G7	G20	France	4
French Guiana	Guiana	\bfrench\w* guiana\w*|\bguiana\w*	GF	GUF	254	254	69		America	South America	WW	WL	WL	WWW	WWL	WWL	RoW	GUF	LAC	Rest of South America	LAM															RoW							Other non-OECD Americas
French Polynesia	French Polynesia	\bfrench.?polynesia\w*	PF	PYF	258	258	70		Oceania	Polynesia	WW	WA	WA	WWW	WWA	WWA	RoW	PYF	PAS	Oceania	OAS															RoW							Other non-OECD Asia
French Southern Territories	Territory of the French Southern and Antarctic Lands	\bfrench.?southern\w*|\bfr.*\bso.*\ban.*\b\bt\w*	TF	ATF	260	260	71		Africa	Eastern Africa	WW	WF	WF	WWW	WWF	WWF	RoW				OAS															RoW							Other Africa
Gabon	Gabonese Republic	\bgabon\b GA	GAB	266	266	74	173	Africa	Middle Africa	WW	WF	WF	WWW	WWF	WWF	RoW	GAB	AFR	Western Africa	SSA												1960	1960		RoW							Gabon	239
Gambia	Republic of the Gambia	\bgambia\w*    GM	GMB	270	270	75	206	Africa	Western Africa	WW	WF	WF	WWW	WWF	WWF	RoW	GMB	AFR	Western Africa	SSA												1965	1965		RoW							Other Africa	240
Georgia	Georgia	(?<!\bsouth.*)\bgeorgia(?!.*us.*)	GE	GEO	268	268	73	35	Asia	Western Asia	WW	WA	WA	WWW	WWA	WWA	RoW	GEO	FSU	Russia region	REF												1992	1992		RoW							Georgia	612
Germany	Federal Republic of Germany	"\bgermany\w*|\bberlin\w*|\bmunich\w*|\bfrankfurt\w*|\bam main\w*|düsseldorf|dusseldorf"	DE	DEU	276	276	79	81	Europe	Western Europe	DE	DE	DE	DEU	DEU	DEU	DEU	DEU	WEU	Western Europe	EUR	1961	EU	EU28	EU27	EU27_2007	EU25	EU15	EU12	EEA	Schengen	1999	1973	1973		EU					G7	G20	Germany	5
Ghana	Republic of Ghana	\bghana\b|\bgold.?coast\w*|\baccra\b	GH	GHA	288	288	81	207	Africa	Western Africa	WW	WF	WF	WWW	WWF	WWF	RoW	GHA	AFR	Western Africa	SSA												1957	1957		RoW							Ghana	241
Gibraltar	Gibraltar	\bgibraltar\w*	GI	GIB	292	292	82		Europe	Southern Europe	WW	WE	WE	WWW	WWE	WWE	RoW	GIB	WEU	Western Europe	EUR									EEA						RoW							Gibraltar
Greece	Hellenic Republic	\bgreece\b|\bhellenic\b|\bhellas\b|\bheraklion\b|\brhodes\b	GR	GRC	300	300	84	82	Europe	Southern Europe	GR	GR	GR	GRC	GRC	GRC	GRC	GRC	WEU	Western Europe	EUR	1961	EU	EU28	EU27	EU27_2007	EU25	EU15	EU12	EEA	Schengen	2001	1945	1945		EU						G20	Greece	40
Greenland	Greenland	\bgreenland\b	GL	GRL	304	304	85	349	America	Northern America	WW	WL	WL	WWW	WWL	WWL	RoW	GRL	WEU		NEU										Schengen					RoW							Other non-OECD Americas
Grenada	Grenada	\bgrenada\w*	GD	GRD	308	308	86	112	America	Caribbean	WW	WL	WL	WWW	WWL	WWL	RoW	GRD	LAC	Central America	LAM												1974	1974		RoW							Other non-OECD Americas	381
Guadeloupe	Guadeloupe	\bguadeloupe\w*	GP	GLP	312	312	87		America	Caribbean	WW	WL	WL	WWW	WWL	WWL	RoW	GLP	LAC	Central America	LAM															RoW							Other non-OECD Americas
Guam	Guam	\bguam\b	GU	GUM	316	316	88	351	Oceania	Micronesia	WW	WA	WA	WWW	WWA	WWA	RoW	GUM	NAM		OAS															RoW							Other non-OECD Asia
Guatemala	Republic of Guatemala	\bguatemala\w*	GT	GTM	320	320	89	128	America	Central America	WW	WL	WL	WWW	WWL	WWL	RoW	GTM	LAC	Central America	LAM												1945	1945		RoW							Guatemala	347
Guernsey	Guernsey	\bguernsey\\b	GG	GGY	831	831			Europe	Northern Europe	WW	WE	WE	WWW	WWE	WWE	RoW	GGY			EUR									EEA						RoW
Guinea	Republic of Guinea	(?<!\beq.*)(?<!\bspan.*)(?<!\bbissau.*)(?<!\bpap.*)(?<!\bnew.*)(?<!\bp.*n.*)\bguinea	GN	GIN	324	324	90	208	Africa	Western Africa	WW	WF	WF	WWW	WWF	WWF	RoW	GIN	AFR	Western Africa	SSA												1958	1958		RoW							Other Africa	243
Guinea-Bissau	Republic of Guinea-Bissau	(portu).*guinea\w*|\bguinea.*bissau\w*	GW	GNB	624	624	175	209	Africa	Western Africa	WW	WF	WF	WWW	WWF	WWF	RoW	GNB	AFR	Western Africa	SSA												1974	1974		RoW							Other Africa	244
Guyana	Co-operative Republic of Guyana	\bguyana\w*|\bbritish.?guiana\w*	GY	GUY	328	328	91	113	America	South America	WW	WL	WL	WWW	WWL	WWL	RoW	GUY	LAC	Rest of South America	LAM												1966	1966		RoW							Guyana	446
Haiti	Republic of Haiti	(ha(i|\xef|\xc3\xaf)ti)	HT	HTI	332	332	93	114	America	Caribbean	WW	WL	WL	WWW	WWL	WWL	RoW	HTI	LAC	Central America	LAM												1945	1945		RoW							Haiti	349
Heard and McDonald Islands	Territory of Heard Island and McDonald Islands	\bheard.*mc.*donald\w*	HM	HMD	334	334	92		Asia	Australia and New Zealand	WW	WA	WA	WWW	WWA	WWA	RoW				CAZ															RoW							Other non-OECD Asia
Honduras	Republic of Honduras	(?<!\bbrit.*)\bhonduras\w*	HN	HND	340	340	95	129	America	Central America	WW	WL	WL	WWW	WWL	WWL	RoW	HND	LAC	Central America	LAM												1945	1945		RoW							Honduras	351
Hong Kong	Hong Kong SAR	\bhong kong\w*|\bhksar\b	HK	HKG	344	344	96		Asia	Eastern Asia	WW	WA	WA	WWW	WWA	WWA	RoW	HKG	CPA	China region	CHA															RoW		APEC					Hong Kong (China)
Hungary	Republic of Hungary	\bhungary\w*|\bbudapest\b	HU	HUN	348	348	97	48	Europe	Eastern Europe	HU	HU	HU	HUN	HUN	HUN	HUN	HUN	EEU	Central Europe	EUR	1996	EU	EU28	EU27	EU27_2007	EU25			EEA	Schengen		1955	1955		EU						G20	Hungary	75
Iceland	Republic of Iceland	\biceland\w*	IS	ISL	352	352	99	83	Europe	Northern Europe	WW	WE	WE	WWW	WWE	WWE	RoW	ISL	WEU	Western Europe	NEU	1961								EEA	Schengen		1946	1946		RoW							Iceland	20
India	Republic of India	\bindia\w*(?!ocea.*)(?!na.*)|\bmumbai\b|\bjaipur\b|\bkolkata\b|\bcalcutta\b|\bdelhi\b|\bagra\b|\bchennai\b|\bbangalore\b|\bpune\b	IN	IND	356	356	100	163	Asia	Southern Asia	IN	IN	IN	IND	IND	IND	IND	IND	SAS	India	IND												1945	1945		BX	BRIC		BASIC			G20	India	645
Indonesia	Republic of Indonesia	\bindonesia\w*|\bjakarda\b|\bdenpasar\b|\bbatam\b	ID	IDN	360	360	101	11	Asia	South-Eastern Asia	ID	ID	ID	IDN	IDN	IDN	IDN	IDN	PAS	Indonesia region	OAS												1950	1950		BX		APEC				G20	Indonesia	738
Iran	Islamic Republic of Iran	\biran\w*|\bpersia\w*|\btehran\b	IR	IRN	364	364	102	142	Asia	Southern Asia	WW	WM	WM	WWW	WWM	WWM	RoW	IRN	MEA	Middle East	MEA												1945	1945		RoW							Islamic Republic of Iran	540
Iraq	Republic of Iraq	\biraq\w*|\bmesopotamia\w*	IQ	IRQ	368	368	103	143	Asia	Western Asia	WW	WM	WM	WWW	WWM	WWM	RoW	IRQ	MEA	Middle East	MEA												1945	1945		RoW							Iraq	543
Ireland	Ireland	(?<!north) ireland\w*|\bdublin\b	IE	IRL	372	372	104	84	Europe	Northern Europe	IE	IE	IE	IRL	IRL	IRL	IRL	IRL	WEU	Western Europe	EUR	1961	EU	EU28	EU27	EU27_2007	EU25	EU15	EU12	EEA		1999	1955	1955		EU						G20	Ireland	21
Isle of Man	Isle of Man	\bisle.*\bman\b	IM	IMN	833	833	264		Europe	Northern Europe	WW	WE	WE	WWW	WWE	WWE	RoW	IMN	WEU		EUR									EEA						RoW
Israel	State of Israel	\bisrael\w*|\bjerusalem\b|\btel aviv\b	IL	ISR	376	376	105	85	Asia	Western Asia	WW	WM	WM	WWW	WWM	WWM	RoW	ISR	MEA	Middle East	MEA	2010											1949	1949		RoW							Israel	546
Italy	Italian Republic	\bitaly|\bitalia\w*|\brome\b|\bmilan\b|\bflorence\b	IT	ITA	380	380	106	86	Europe	Southern Europe	IT	IT	IT	ITA	ITA	ITA	ITA	ITA	WEU	Western Europe	EUR	1962	EU	EU28	EU27	EU27_2007	EU25	EU15	EU12	EEA	Schengen	1999	1955	1955		EU					G7	G20	Italy	6
Jamaica	Jamaica	\bjamaica\b	JM	JAM	388	388	109	115	America	Caribbean	WW	WL	WL	WWW	WWL	WWL	RoW	JAM	LAC	Central America	LAM												1962	1962		RoW							Jamaica	354
Japan	Japan	\bjapan\w*|\btokyo|\bosaka|\bkyoto|\bchiba|\bfukuoka	JP	JPN	392	392	110	67	Asia	Eastern Asia	JP	JP	JP	JPN	JPN	JPN	JPN	JPN	PAO	Japan	JPN	1964											1956	1956		HI		APEC			G7	G20	Japan	701
Jersey	Jersey	(?<!\bnew.*)\bjersey	JE	JEY	832	832	283		Europe	Northern Europe	WW	WE	WE	WWW	WWE	WWE	RoW	JEY			EUR									EEA						RoW
Jordan	Hashemite Kingdom of Jordan	\bjordan\b|\bamman\b	JO	JOR	400	400	112	144	Asia	Western Asia	WW	WM	WM	WWW	WWM	WWM	RoW	JOR	MEA	Middle East	MEA												1955	1955		RoW							Jordan	549
Kazakhstan	Republic of Kazakhstan	\bkazak\w*	KZ	KAZ	398	398	108	36	Asia	Central Asia	WW	WA	WA	WWW	WWA	WWA	RoW	KAZ	FSU	Central Asia	REF												1992	1992		RoW				CIS			Kazakhstan	613
Kenya	Republic of Kenya	\bkenya\w*|\bbritish.?east.?africa\w*|\beast.?africa.?prot\w*	KE	KEN	404	404	114	180	Africa	Eastern Africa	WW	WF	WF	WWW	WWF	WWF	RoW	KEN	AFR	Eastern Africa	SSA												1963	1963		RoW							Kenya	248
Kiribati	Republic of Kiribati	\bkiribati\w*	KI	KIR	296	296	83	23	Oceania	Micronesia	WW	WA	WA	WWW	WWA	WWA	RoW	KIR	PAS	Oceania	OAS												1999	1999		RoW							Other non-OECD Asia	836
Kosovo	Republic of Kosovo	\bkosovo\w*	XK	XKX					Europe	Southern Europe	WW	WE	WE	WWW	WWE	WWE	RoW	KSV																		RoW							Kosovo	57
Kuwait	State of Kuwait	\bkuwait\w*	KW	KWT	414	414	118	145	Asia	Western Asia	WW	WM	WM	WWW	WWM	WWM	RoW	KWT	MEA	Middle East	MEA												1963	1963		RoW							Kuwait	552
Kyrgyz Republic	Kyrgyz Republic	\bkyrgyz\w*|\bkirghiz\w*	KG	KGZ	417	417	113	37	Asia	Central Asia	WW	WA	WA	WWW	WWA	WWA	RoW	KGZ	FSU	Central Asia	REF												1992	1992		RoW							Kyrgyzstan	614
Laos	Lao People's Democratic Republic	\blaos?\\b	LA	LAO	418	418	120	12	Asia	South-Eastern Asia	WW	WA	WA	WWW	WWA	WWA	RoW	LAO	CPA	Southeastern Asia	OAS												1955	1955		RoW							Lao People's Democratic Republic	745
Latvia	Republic of Latvia	\blatvia\w*	LV	LVA	428	428	119	59	Europe	Northern Europe	LV	LV	LV	LVA	LVA	LVA	LVA	LVA	EEU	Central Europe	EUR	2016	EU	EU28	EU27	EU27_2007	EU25			EEA	Schengen	2014	1991	1991		EU						G20	Latvia	83
Lebanon	Lebanese Republic	\blebanon\b|\blebanese\w*|\bbeirut\b	LB	LBN	422	422	121	146	Asia	Western Asia	WW	WM	WM	WWW	WWM	WWM	RoW	LBN	MEA	Middle East	MEA												1945	1945		RoW							Lebanon	555
Lesotho	Kingdom of Lesotho	\blesotho\w*|\bbasuto\b	LS	LSO	426	426	122	194	Africa	Southern Africa	WW	WF	WF	WWW	WWF	WWF	RoW	LSO	AFR	Rest of Southern Africa	SSA												1966	1966		RoW							Other Africa	249
Liberia	Republic of Liberia	\bliberia\w*	LR	LBR	430	430	123	210	Africa	Western Africa	WW	WF	WF	WWW	WWF	WWF	RoW	LBR	AFR	Western Africa	SSA												1945	1945		RoW							Other Africa	251
Libya	State of Libya	\blibya\w*	LY	LBY	434	434	124	147	Africa	Northern Africa	WW	WF	WF	WWW	WWF	WWF	RoW	LBY	MEA	Northern Africa	MEA												1955	1955		RoW							Libya	133
Liechtenstein	Principality of Liechtenstein	\bliechtenstein\w*	LI	LIE	438	438	125		Europe	Western Europe	WW	WE	WE	WWW	WWE	WWE	RoW	LIE	WEU	Western Europe	NEU									EEA	Schengen		1990	1990		RoW								70
Lithuania	Republic of Lithuania	\blithuania\w*	LT	LTU	440	440	126	60	Europe	Northern Europe	LT	LT	LT	LTU	LTU	LTU	LTU	LTU	EEU	Central Europe	EUR	2018	EU	EU28	EU27	EU27_2007	EU25			EEA	Schengen	2015	1991	1991		EU						G20	Lithuania	84
Luxembourg	Grand Duchy of Luxembourg	(?<!\bbelg.*)\bluxem\w*	LU	LUX	442	442	256	87	Europe	Western Europe	LU	LU	LU	LUX	LUX	LUX	LUX	LUX	WEU	Western Europe	EUR	1961	EU	EU28	EU27	EU27_2007	EU25	EU15	EU12	EEA	Schengen	1999	1945	1945		EU						G20	Luxembourg	22
Macau	Macau SAR	\bmaca(o|u)\w*	MO	MAC	446	446	128		Asia	Eastern Asia	WW	WA	WA	WWW	WWA	WWA	RoW	MAC		China region	CHA															RoW							Other non-OECD Asia
North Macedonia	Republic of North Macedonia	\bmacedonia\w*|f\.?y\.?r\.?o\.?m\.?	MK	MKD	807	807	154	49	Europe	Southern Europe	WW	WE	WE	WWW	WWE	WWE	RoW	MKD	EEU	Central Europe	NEU												1993	1993		RoW							Republic of North Macedonia	66
Madagascar	Republic of Madagascar	\bmadagascar\w*|\bmalagasy\b	MG	MDG	450	450	129	181	Africa	Eastern Africa	WW	WF	WF	WWW	WWF	WWF	RoW	MDG	AFR	Eastern Africa	SSA												1960	1960		RoW							Other Africa	252
Malawi	Republic of Malawi	\bmalawi\w*|\bnyasa\\b	MW	MWI	454	454	130	182	Africa	Eastern Africa	WW	WF	WF	WWW	WWF	WWF	RoW	MWI	AFR	Rest of Southern Africa	SSA												1964	1964		RoW							Other Africa	253
Malaysia	Malaysia	\bmalaysia\w*|\bkuala\b|\bjohor bahru lumpur\b|\bpenang island\w*	MY	MYS	458	458	131	13	Asia	South-Eastern Asia	WW	WA	WA	WWW	WWA	WWA	RoW	MYS	PAS	Southeastern Asia	OAS												1957	1957		RoW		APEC					Malaysia	751
Maldives	Republic of Maldives	\bmaldive\w*	MV	MDV	462	462	132	14	Asia	Southern Asia	WW	WA	WA	WWW	WWA	WWA	RoW	MDV	SAS	Rest of South Asia	OAS												1965	1965		RoW							Other non-OECD Asia	655
Mali	Republic of Mali	\bmali\b	ML	MLI	466	466	133	211	Africa	Western Africa	WW	WF	WF	WWW	WWF	WWF	RoW	MLI	AFR	Western Africa	SSA												1960	1960		RoW							Other Africa	255
Malta	Republic of Malta	\bmalta\w*	MT	MLT	470	470	134	88	Europe	Southern Europe	MT	MT	MT	MLT	MLT	MLT	MLT	MLT	WEU	Western Europe	EUR		EU	EU28	EU27	EU27_2007	EU25			EEA	Schengen	2008	1964	1964		EU						G20	Malta	45
Marshall Islands	Republic of the Marshall Islands	\bmarshall island\w*	MH	MHL	584	584	127	24	Oceania	Micronesia	WW	WA	WA	WWW	WWA	WWA	RoW	MHL		Oceania	OAS												1991	1991		RoW							Other non-OECD Asia	859
Martinique	Martinique	martinique	MQ	MTQ	474	474	135		America	Caribbean	WW	WL	WL	WWW	WWL	WWL	RoW	MTQ	LAC	Central America	LAM															RoW							Other non-OECD Americas
Mauritania	Islamic Republic of Mauritania	\bmauritania\w*	MR	MRT	478	478	136	212	Africa	Western Africa	WW	WF	WF	WWW	WWF	WWF	RoW	MRT	AFR	Western Africa	SSA												1961	1961		RoW							Other Africa	256
Mauritius	Republic of Mauritius	\bmauritius\w*	MU	MUS	480	480	137	183	Africa	Eastern Africa	WW	WF	WF	WWW	WWF	WWF	RoW	MUS	AFR	Eastern Africa	SSA												1968	1968		RoW							Mauritius	257
Mayotte	Mayotte	\\bmayotte\\b	YT	MYT	175	175	270		Africa	Eastern Africa	WW	WF	WF	WWW	WWF	WWF	RoW	MYT			SSA															RoW							Other Africa
Mexico	United Mexican States	(?<!\bnew.*)\bmexic\w*|\bcancun\b|\bcancún\b	MX	MEX	484	484	138	130	America	Central America	MX	MX	MX	MEX	MEX	MEX	MEX	MEX	LAC	Mexico	LAM	1994											1945	1945		BX		APEC				G20	Mexico	358
"Micronesia, Fed. Sts."	Federated States of Micronesia	\bmicronesia\w*	FM	FSM	583	583	145	25	Oceania	Micronesia	WW	WA	WA	WWW	WWA	WWA	RoW	FSM		Oceania	OAS												1991	1991		RoW							Other non-OECD Asia	860
Moldova	Republic of Moldova	\bmoldov\w*|\bb(a|e)ssarabia\w*	MD	MDA	498	498	146	61	Europe	Eastern Europe	WW	WE	WE	WWW	WWE	WWE	RoW	MDA	FSU	Ukraine region	REF												1992	1992		RoW				CIS			Republic of Moldova	93
Monaco	Principality of Monaco	\bmonaco\w*	MC	MCO	492	492	140	367	Europe	Western Europe	WW	WE	WE	WWW	WWE	WWE	RoW	MCO	WEU	Western Europe	NEU												1993	1993		RoW
Mongolia	Mongolia	\bmongolia\w*	MN	MNG	496	496	141	38	Asia	Eastern Asia	WW	WA	WA	WWW	WWA	WWA	RoW	MNG	CPA	China region	OAS												1961	1961		RoW							Mongolia	753
Montenegro	Montenegro	(?<!\bserbia.*)\bmontenegro\w*	ME	MNE	499	499	273	50	Europe	Southern Europe	WW	WE	WE	WWW	WWE	WWE	RoW	MNE		Central Europe	NEU												2006	2006		RoW							Montenegro	65
Montserrat	Montserrat	\bmontserrat\w*	MS	MSR	500	500	142		America	Caribbean	WW	WL	WL	WWW	WWL	WWL	RoW	MSR		Central America	LAM															RoW							Other non-OECD Americas	385
Morocco	Kingdom of Morocco	\bmorocco\w*|\bmaroc\w*|\bmarrakesh\b|\bcasablanca\b	MA	MAR	504	504	143	148	Africa	Northern Africa	WW	WF	WF	WWW	WWF	WWF	RoW	MAR	MEA	Northern Africa	MEA												1956	1956		RoW							Morocco	136
Mozambique	Republic of Mozambique	\bmozambique\w*	MZ	MOZ	508	508	144	184	Africa	Eastern Africa	WW	WF	WF	WWW	WWF	WWF	RoW	MOZ	AFR	Rest of Southern Africa	SSA												1975	1975		RoW							Mozambique	259
Myanmar	Republic of the Union of Myanmar	\bmyanmar\w*|\bburma\b	MM	MMR	104	104	28	15	Asia	Eastern Asia	WW	WA	WA	WWW	WWA	WWA	RoW	MMR	PAS	Southeastern Asia	OAS												1948	1948		RoW							Myanmar	635
Namibia	Republic of Namibia	\bnamibia\w*	NA	NAM	516	516	147	195	Africa	Southern Africa	WW	WF	WF	WWW	WWF	WWF	RoW	NAM	AFR	Rest of Southern Africa	SSA												1990	1990		RoW							Namibia	275
Nauru	Republic of Nauru	\bnauru\\b	NR	NRU	520	520	148	369	Oceania	Polynesia	WW	WA	WA	WWW	WWA	WWA	RoW	NRU		Oceania	OAS												1999	1999		RoW							Other non-OECD Asia	845
Nepal	Federal Democratic Republic of Nepal	\bnepal\w*	NP	NPL	524	524	149	164	Asia	Southern Asia	WW	WA	WA	WWW	WWA	WWA	RoW	NPL	SAS	Rest of South Asia	OAS												1955	1955		RoW							Nepal	660
Netherlands	Kingdom of the Netherlands	(?<!\bant.*)(?<!\bcarib.*)\bnetherlands|\bamsterdam\b	NL	NLD	528	528	150	89	Europe	Western Europe	NL	NL	NL	NLD	NLD	NLD	NLD	NLD	WEU	Western Europe	EUR	1961	EU	EU28	EU27	EU27_2007	EU25	EU15	EU12	EEA	Schengen	1999	1945	1945		EU						G20	Netherlands	7
Netherlands Antilles	Netherlands Antilles	\bant.*(neth\w*|dutch)	AN	ANT	530		151		America		WW	WL	WL	WWW	WWL	WWL	RoW	ANT	LAC	Central America															2010	RoW
New Caledonia	New Caledonia	new.?caledonia	NC	NCL	540	540	153		Oceania	Melanesia	WW	WA	WA	WWW	WWA	WWA	RoW	NCL	PAS	Oceania	OAS															RoW							Other non-OECD Asia
New Zealand	New Zealand	(new|n).*zealand\w*|\bauckland\b	NZ	NZL	554	554	156	72	Oceania	Australia and New Zealand	WW	WA	WA	WWW	WWA	WWA	RoW	NZL	PAO	Oceania	CAZ	1973											1945	1945		RoW		APEC					New Zealand	820
Nicaragua	Republic of Nicaragua	\bnicaragua\w*	NI	NIC	558	558	157	131	America	Central America	WW	WL	WL	WWW	WWL	WWL	RoW	NIC	LAC	Central America	LAM												1945	1945		RoW							Nicaragua	364
Niger	Republic of Niger	\bniger(?!ia)	NE	NER	562	562	158	213	Africa	Western Africa	WW	WF	WF	WWW	WWF	WWF	RoW	NER	AFR	Western Africa	SSA												1960	1960		RoW							Niger	260
Nigeria	Federal Republic of Nigeria	\bnigeria\w*|\blagos\b	NG	NGA	566	566	159	214	Africa	Western Africa	WW	WF	WF	WWW	WWF	WWF	RoW	NGA	AFR	Western Africa	SSA												1960	1960		RoW							Nigeria	261
Niue	Niue	\bniue\b	NU	NIU	570	570	160	374	Oceania	Polynesia	WW	WA	WA	WWW	WWA	WWA	RoW	NIU		Oceania	OAS															RoW							Other non-OECD Asia	856
Norfolk Island	Norfolk Island	\bnorfolk.*is\w*	NF	NFK	574	574	161		Oceania	Australia and New Zealand	WW	WA	WA	WWW	WWA	WWA	RoW	NFK			OAS															RoW							Other non-OECD Asia
North Korea	Democratic People's Republic of Korea	dem.*\bkorea|peo.*\bkorea|nor.*\bkorea|\bd\.?p\.?r\.|dpr	KP	PRK	408	408	116	7	Asia	Eastern Asia	WW	WA	WA	WWW	WWA	WWA	RoW	PRK	CPA	Korea region	OAS												1991	1991		RoW							Democratic People's Republic of Korea	740
Northern Mariana Islands	Northern Mariana Islands	\bmariana\b	MP	MNP	580	580	163	376	Oceania	Micronesia	WW	WA	WA	WWW	WWA	WWA	RoW	MNP		Oceania	OAS															RoW							Other non-OECD Asia
Norway	Kingdom of Norway	\bnorway\b	NO	NOR	578	578	162	90	Europe	Northern Europe	NO	NO	NO	NOR	NOR	NOR	RoW	NOR	WEU	Western Europe	NEU	1961								EEA	Schengen		1945	1945		HI							Norway	8
Oman	Sultanate of Oman	\boman\b|\btrucial\b	OM	OMN	512	512	221	150	Asia	Western Asia	WW	WM	WM	WWW	WWM	WWM	RoW	OMN	MEA	Middle East	MEA												1971	1971		RoW							Oman
Pakistan	Islamic Republic of Pakistan	(?<!\beast.*)\bpaki?stan\w*	PK	PAK	586	586	165	165	Asia	Southern Asia	WW	WA	WA	WWW	WWA	WWA	RoW	PAK	SAS	Rest of South Asia	OAS												1947	1947		RoW							Pakistan	665
Palau	Republic of Palau	\bpalau\w*	PW	PLW	585	585	180	380	Oceania	Micronesia	WW	WA	WA	WWW	WWA	WWA	RoW	PLW		Oceania	OAS												1994	1994		RoW							Other non-OECD Asia	861
Palestine	State of Palestine	\bpalestin\w*|\bgaza\b	PS	PSE	275	275	299	149	Asia	Western Asia	WW	WM	WM	WWW	WWM	WWM	RoW	PSE			MEA															RoW							Other non-OECD Asia	550
Panama	Republic of Panama	\bpanama\b	PA	PAN	591	591	166	132	America	Central America	WW	WL	WL	WWW	WWL	WWL	RoW	PAN	LAC	Central America	LAM												1945	1945		RoW							Panama	366
Papua New Guinea	Independent State of Papua New Guinea	\bp.*\\bn.*\bguin\w*|^p\.?n\.?g\.?$|\bnew.?guinea\w*	PG	PNG	598	598	168	26	Oceania	Melanesia	WW	WA	WA	WWW	WWA	WWA	RoW	PNG	PAS	Indonesia region	OAS												1975	1975		RoW		APEC					Other non-OECD Asia	862
Paraguay	Republic of Paraguay	\bparaguay\b	PY	PRY	600	600	169	136	America	South America	WW	WL	WL	WWW	WWL	WWL	RoW	PRY	LAC	Rest of South America	LAM												1945	1945		RoW							Paraguay	451
Peru	Republic of Peru	\bperu\w*|\blima\b	PE	PER	604	604	170	123	America	South America	WW	WL	WL	WWW	WWL	WWL	RoW	PER	LAC	Rest of South America	LAM												1945	1945		RoW		APEC					Peru	454
Philippines	Republic of the Philippines	\bphilippines\w*|\bmanila\b|\bcebu city\b	PH	PHL	608	608	171	16	Asia	South-Eastern Asia	WW	WA	WA	WWW	WWA	WWA	RoW	PHL	PAS	Southeastern Asia	OAS												1945	1945		RoW		APEC					Philippines	755
Pitcairn	Pitcairn	\bpitcairn\w*	PN	PCN	612	612	172		Oceania	Polynesia	WW	WA	WA	WWW	WWA	WWA	RoW	PCN		Oceania	OAS															RoW							Other non-OECD Asia
Poland	Republic of Poland	\bpoland\w*|\bwarsaw\b|\bkraków\b|\bkrakow\b	PL	POL	616	616	173	51	Europe	Eastern Europe	PL	PL	PL	POL	POL	POL	POL	POL	EEU	Central Europe	EUR	1996	EU	EU28	EU27	EU27_2007	EU25			EEA	Schengen		1945	1945		EU						G20	Poland	76
Portugal	Portuguese Republic	\bportugal\w*|\bportuguese\w*|\blisbon\b|\bporto\b	PT	PRT	620	620	174	91	Europe	Southern Europe	PT	PT	PT	PRT	PRT	PRT	PRT	PRT	WEU	Western Europe	EUR	1961	EU	EU28	EU27	EU27_2007	EU25	EU15	EU12	EEA	Schengen	1999	1955	1955		EU						G20	Portugal	9
Puerto Rico	Puerto Rico	\bpuerto.?ric\w*	PR	PRI	630	630	177	385	America	Caribbean	WW	WL	WL	WWW	WWL	WWL	RoW		NAM	Central America	LAM															RoW							Other non-OECD Americas
Qatar	State of Qatar	\bqatar\w*	QA	QAT	634	634	179	151	Asia	Western Asia	WW	WM	WM	WWW	WWM	WWM	RoW	QAT	MEA	Middle East	MEA												1971	1971		RoW							Qatar	561
Reunion	Reunion	\bréunion\\b	RE	REU	638	638	182		Africa	Eastern Africa	WW	WF	WF	WWW	WWF	WWF	RoW	REU	AFR	Eastern Africa	SSA															RoW							Other Africa
Romania	Romania	\br(o|u|ou)mania\w*|\bbucharest\b	RO	ROU	642	642	183	52	Europe	Eastern Europe	RO	RO	RO	ROM	ROM	ROM	ROU	ROU	EEU	Central Europe	EUR		EU	EU28	EU27	EU27_2007				EEA			1955	1955		EU						G20	Romania	77
Russia	Russian Federation	\brussia\w*|\bmoscow\b|\bsaint petersburg\b|\bst petersburg\b|\bst. petersburg\b	RU	RUS	643	643	185	62	Europe	Eastern Europe	RU	RU	RU	RUS	RUS	RUS	RUS	RUS	FSU	Russia region	REF												1945	1945		BX	BRIC	APEC		CIS		G20	Russian Federation	87
Rwanda	Republic of Rwanda	\brwanda\w*	RW	RWA	646	646	184	185	Africa	Eastern Africa	WW	WF	WF	WWW	WWF	WWF	RoW	RWA	AFR	Eastern Africa	SSA												1962	1962		RoW							Other Africa	266
Saint-Martin	Saint-Martin (French part)	(?<!maarten.*)(?<!saba.*)(?<!dutch.*) martin\b	MF	MAF	663	663	281		America	Caribbean	WW	WL	WL	WWW	WWL	WWL	RoW	MAF			LAM															RoW							Other non-OECD Americas
Samoa	Independent State of Samoa	(?<!amer.*)\bsamoa\w*|(\bindep.*samoa\w*)|west.*samoa\w*	WS	WSM	882	882	244	27	Oceania	Polynesia	WW	WA	WA	WWW	WWA	WWA	RoW	WSM	PAS	Oceania	OAS												1976	1976		RoW							Other non-OECD Asia
San Marino	Republic of San Marino	\bsan.?marino\w*	SM	SMR	674	674	192	396	Europe	Southern Europe	WW	WE	WE	WWW	WWE	WWE	RoW	SMR		Western Europe	NEU												1992	1992		RoW
Sao Tome and Principe	Democratic Republic of São Tomé and Príncipe	\btome\b|\btomé\b	ST	STP	678	678	193	215	Africa	Middle Africa	WW	WF	WF	WWW	WWF	WWF	RoW	STP	AFR	Western Africa	SSA												1975	1975		RoW							Other Africa	268
Saudi Arabia	Kingdom of Saudi Arabia	\bsa\w*.?arabia\w*|\bmecca\b|\bmedina\b|\briyadh\b|\bdammam\b	SA	SAU	682	682	194	152	Asia	Western Asia	WW	WM	WM	WWW	WWM	WWM	RoW	SAU	MEA	Middle East	MEA												1945	1945		RoW						G20	Saudi Arabia	566
Senegal	Republic of Senegal	\bsenegal\w*	SN	SEN	686	686	195	216	Africa	Western Africa	WW	WF	WF	WWW	WWF	WWF	RoW	SEN	AFR	Western Africa	SSA												1960	1960		RoW							Senegal	269
Serbia	Republic of Serbia	(?<!monte.*)\bserbia\w*	RS	SRB	688	688	272	53	Europe	Southern Europe	WW	WE	WE	WWW	WWE	WWE	RoW	SRB		Central Europe	NEU												2000	2000		RoW							Serbia	63
Seychelles	Republic of Seychelles	\bseychell\w*	SC	SYC	690	690	196	186	Africa	Eastern Africa	WW	WF	WF	WWW	WWF	WWF	RoW	SYC	AFR	Eastern Africa	SSA												1976	1976		RoW							Other Africa
Sierra Leone	Republic of Sierra Leone	\bsierra\w*	SL	SLE	694	694	197	217	Africa	Western Africa	WW	WF	WF	WWW	WWF	WWF	RoW	SLE	AFR	Western Africa	SSA												1961	1961		RoW							Other Africa	272
Singapore	Republic of Singapore	\bsingapor\w*	SG	SGP	702	702	200	69	Asia	South-Eastern Asia	WW	WA	WA	WWW	WWA	WWA	RoW	SGP	PAS	Southeastern Asia	OAS												1965	1965		RoW		APEC					Singapore
Sint Maarten	Sint Maarten (Dutch part)	(?<!martin.*)(?<!saba.*)\bmaarten\w*|\bdutch.*martin|\bmartin.*dutch	SX	SXM	534	534	280		America	Caribbean	WW	WL	WL	WWW	WWL	WWL	RoW				LAM															RoW							Other non-OECD Americas
Slovakia	Slovak Republic	(?<!cze.*)\bslovak\w*	SK	SVK	703	703	199	54	Europe	Eastern Europe	SK	SK	SK	SVK	SVK	SVK	SVK	SVK	EEU	Central Europe	EUR	2000	EU	EU28	EU27	EU27_2007	EU25			EEA	Schengen	2009	1993	1993		EU						G20	Slovak Republic	69
Slovenia	Republic of Slovenia	\bslovenia\w*	SI	SVN	705	705	198	55	Europe	Southern Europe	SI	SI	SI	SVN	SVN	SVN	SVN	SVN	EEU	Central Europe	EUR	2010	EU	EU28	EU27	EU27_2007	EU25			EEA	Schengen	2007	1992	1992		EU						G20	Slovenia	61
Solomon Islands	Solomon Islands	\bsolomon\w*	SB	SLB	90	90	25	28	Oceania	Melanesia	WW	WA	WA	WWW	WWA	WWA	RoW	SLB	PAS	Oceania	OAS												1978	1978		RoW							Other non-OECD Asia	866
Somalia	Federal Republic of Somalia	\bsomali\w*	SO	SOM	706	706	201	187	Africa	Eastern Africa	WW	WF	WF	WWW	WWF	WWF	RoW	SOM	AFR	Eastern Africa	SSA												1960	1960		RoW							Other Africa	273
South Africa	Republic of South Africa	\bs(\.|outh)(?<!\bsahar.*)\bafrica\w*|r\.?s\.?a\.?|\bcape town\b|\bjohannesburg\b|\bdurban\b	ZA	ZAF	710	710	202	196	Africa	Southern Africa	ZA	ZA	ZA	ZAF	ZAF	ZAF	RoW	ZAF	AFR	South Africa	SSA												1945	1945		BX			BASIC			G20	South Africa	218
South Georgia and South Sandwich Is.	South Georgia and The South Sandwich Islands	\bsouth.?georgia\w*	GS	SGS	239	239	271		Antarctica	South America	WW	WA	WA	WWW	WWA	WWA	RoW				LAM															RoW							Other non-OECD Asia
South Korea	Republic of Korea	(?<!\bdem.*)(?<!\bpeo.*)(?<!\bnor.*)(?<!\bdpr.*)(?<!\bd\.p\.r.*)\bkorea\w*|\br\.?o\.?k\b|\bseoul\b|\bjeju\b	KR	KOR	410	410	117	68	Asia	Eastern Asia	KR	KR	KR	KOR	KOR	KOR	KOR	KOR	PAS	Korea region	OAS	1996											1991	1991		HI		APEC				G20	Korea	742
South Sudan	Republic of South Sudan	\bs\w*.?sudan\w*	SS	SSD	728	728	277	435	Africa	Eastern Africa	WW	WF	WF	WWW	WWF	WWF	RoW	SDS			SSA												2011	2011		RoW							South Sudan	279
Soviet Union (former)	Union of Soviet Socialist Republics (former)	ussr|\bsoviet\w*	SU	SUN	810	810			Europe	Eastern Europe	WW	WE	WE	WWW	WWE	WWE	RoW	USR																	1992	RoW							Former Soviet Union (if no detail)
Spain	Kingdom of Spain	\bspain\w*|\bbarcelona\b|\bmadrid\b	ES	ESP	724	724	203	92	Europe	Southern Europe	ES	ES	ES	ESP	ESP	ESP	ESP	ESP	WEU	Western Europe	EUR	1961	EU	EU28	EU27	EU27_2007	EU25	EU15	EU12	EEA	Schengen	1999	1955	1955		EU						G20	Spain	50
Sri Lanka	Democratic Socialist Republic of Sri Lanka	\bsri.?lanka\w*|\bceylon\b|\bcolombo\b	LK	LKA	144	144	38	17	Asia	Southern Asia	WW	WA	WA	WWW	WWA	WWA	RoW	LKA	SAS	Rest of South Asia	OAS												1955	1955		RoW							Sri Lanka	640
St. Barths	Territorial collectivity of Saint-Barthélemy	\bbarth\b|\bbarts\b BL	BLM	652	652	282		America	Caribbean	WW	WL	WL	WWW	WWL	WWL	RoW	BLM			LAM															RoW							Other non-OECD Americas
St. Helena	"Saint Helena, Ascension and Tristan da Cunha"	(st\.?|saint) helena\\b	SH	SHN	654	654	187		Africa	Western Africa	WW	WF	WF	WWW	WWF	WWF	RoW	SHN	AFR	Western Africa	SSA															RoW							Other Africa	276
St. Kitts and Nevis	Saint Kitts and Nevis	\bkitts\b|\bnevis\b	KN	KNA	659	659	188	393	America	Caribbean	WW	WL	WL	WWW	WWL	WWL	RoW	KNA	LAC	Central America	LAM												1983	1983		RoW							Other non-OECD Americas
St. Lucia	Saint Lucia	\blucia\w*	LC	LCA	662	662	189	116	America	Caribbean	WW	WL	WL	WWW	WWL	WWL	RoW	LCA	LAC	Central America	LAM												1979	1979		RoW							Other non-OECD Americas	383
St. Pierre and Miquelon	Saint Pierre and Miquelon	\bmiquelon\w*	PM	SPM	666	666	190		America	Northern America	WW	WL	WL	WWW	WWL	WWL	RoW	SPM		USA	CAZ															RoW							Other non-OECD Americas
St. Vincent and the Grenadines	Saint Vincent and the Grenadines    (st\.?|saint) vincent   VC	VCT	670	670	191	117	America	Caribbean	WW	WL	WL	WWW	WWL	WWL	RoW	VCT	LAC	Central America	LAM												1980	1980		RoW							Other non-OECD Americas	384
Sudan	Republic of the Sudan	(?<!\bs(?!u).*)\bsudan\w*	SD	SDN	729	729		522	Africa	Northern Africa	WW	WF	WF	WWW	WWF	WWF	RoW	SUD	MEA	Eastern Africa	MEA												1956	1956		RoW							Sudan	278
Suriname	Republic of Suriname	\bsurinam\w*|\bdutch.?guiana\w*	SR	SUR	740	740	207	118	America	South America	WW	WL	WL	WWW	WWL	WWL	RoW	SUR	LAC	Rest of South America	LAM												1975	1975		RoW							Suriname	457
Svalbard and Jan Mayen Islands	Svalbard and Jan Mayen Islands	(?<!\bnorway.*)\bsvalbard\w*	SJ	SJM	744	744	260		Europe	Northern Europe	WW	WE	WE	WWW	WWE	WWE	RoW	SJM			NEU															RoW
Sweden	Kingdom of Sweden	\bswedish\b|\bsweden(?<!\bexcept.*)|\bstockholm\b	SE	SWE	752	752	210	93	Europe	Northern Europe	SE	SE	SE	SWE	SWE	SWE	SWE	SWE	WEU	Western Europe	EUR	1961	EU	EU28	EU27	EU27_2007	EU25	EU15		EEA	Schengen		1946	1946		EU						G20	Sweden	10
Switzerland	Swiss Confederation	\bswitz\w*|\bswiss\b|\bzürich\b|\bzurich\b|\bgeneva\b	CH	CHE	756	756	211	94	Europe	Western Europe	CH	CH	CH	CHE	CHE	CHE	RoW	CHE	WEU	Western Europe	NEU	1961								EEA	Schengen		2002	2002		HI							Switzerland	11
Syria	Syrian Arab Republic	\bsyria\w*	SY	SYR	760	760	212	153	Asia	Western Asia	WW	WM	WM	WWW	WWM	WWM	RoW	SYR	MEA	Middle East	MEA												1945	1945		RoW							Syrian Arab Republic	573
Taiwan	Republic of China	\btaiwan\b|\btaipei\b|\bformosa\b|(?<!\bdem.*)(?<!\bpe.*)(?<!\bdr.*)(rep.*)\bchina(?!\bdem.*)(?!\bpe.*)(?!\bdr.*)|^ROC$|taiwan r\.?o\.?c\.?|\btaipei\b	TW	TWN	158		214	8	Asia	Eastern Asia	TW	TW	TW	TWN	TWN	TWN	TWN	TWN	PAS	China region	CHA															HI		APEC					Chinese Taipei	732
Tajikistan	Republic of Tajikistan	\btajik\w*	TJ	TJK	762	762	208	39	Asia	Central Asia	WW	WA	WA	WWW	WWA	WWA	RoW	TJK	FSU	Central Asia	REF												1992	1992		RoW				CIS			Tajikistan	615
Tanganjika	Republic of Tanganyika	\btanganjika\w*|\btanganyika\w*		EAT					Africa	Eastern Africa	WW	WF	WF	WWW	WWF	WWF	RoW																		1964	RoW							Other Africa
Tanzania	United Republic of Tanzania	\btanzania(?!: zan)\w*	TZ	TZA	834	834	215	189	Africa	Eastern Africa	WW	WF	WF	WWW	WWF	WWF	RoW	TZA	AFR	Rest of Southern Africa	SSA												1961	1961		RoW							United Republic of Tanzania	282
Thailand	Kingdom of Thailand	\bthailand\b|\bsiam\b|\bbangkok\b|\bphuket\b|\bpattaya\b|\bchiang mai\b|\bkrabi\b	TH	THA	764	764	216	18	Asia	South-Eastern Asia	WW	WA	WA	WWW	WWA	WWA	RoW	THA	PAS	Southeastern Asia	OAS												1946	1946		RoW		APEC					Thailand	764
Timor-Leste	Democratic Republic of Timor-Leste	\bleste.*timor\w*|\beast.*timor\w*	TL	TLS	626	626	176	19	Asia	South-Eastern Asia	WW	WA	WA	WWW	WWA	WWA	RoW	TLS		Indonesia region	OAS												2002	2002		RoW							Other non-OECD Asia	765
Togo	Togolese Republic	\btogo\w*	TG	TGO	768	768	217	218	Africa	Western Africa	WW	WF	WF	WWW	WWF	WWF	RoW	TGO	AFR	Western Africa	SSA												1960	1960		RoW							Togo	283
Tokelau	Tokelau	\btokelau\w*	TK	TKL	772	772	218	413	Oceania	Polynesia	WW	WA	WA	WWW	WWA	WWA	RoW	TKL		Oceania	OAS															RoW							Other non-OECD Asia	868
Tonga	Kingdom of Tonga	\btonga\w*	TO	TON	776	776	219	29	Oceania	Polynesia	WW	WA	WA	WWW	WWA	WWA	RoW	TON	PAS	Oceania	OAS												1999	1999		RoW							Other non-OECD Asia	870
Trinidad and Tobago	Republic of Trinidad and Tobago	\btrinidad\b|\btobago\b	TT	TTO	780	780	220	119	America	Caribbean	WW	WL	WL	WWW	WWL	WWL	RoW	TTO	LAC	Central America	LAM												1962	1962		RoW							Trinidad and Tobago
Tunisia	Republic of Tunisia	\btunisia\w*	TN	TUN	788	788	222	154	Africa	Northern Africa	WW	WF	WF	WWW	WWF	WWF	RoW	TUN	MEA	Northern Africa	MEA												1956	1956		RoW							Tunisia	139
Turkey	Republic of Türkiye	\bt[ü|u]rk[i|e]\w*|\bistanbul\b|\bantalya\b|\bmuğla\b|\bmugla\b	TR	TUR	792	792	223	155	Asia	Western Asia	TR	TR	TR	TUR	TUR	TUR	TUR	TUR	WEU	Turkey	NEU	1961											1945	1945		BX						G20	Turkey	55
Turkmenistan	Turkmenistan	\bturk-?men\w*	TM	TKM	795	795	213	40	Asia	Central Asia	WW	WA	WA	WWW	WWA	WWA	RoW	TKM	FSU	Central Asia	REF												1992	1992		RoW							Turkmenistan	616
Turks and Caicos Islands	Turks and Caicos Islands	\bturks.*isl\w*	TC	TCA	796	796	224		America	Caribbean	WW	WL	WL	WWW	WWL	WWL	RoW	TCA		Central America	LAM															RoW							Other non-OECD Americas
Tuvalu	Tuvalu	\btuvalu\w*	TV	TUV	798	798	227	416	Oceania	Polynesia	WW	WA	WA	WWW	WWA	WWA	RoW	TUV		Oceania	OAS												2000	2000		RoW							Other non-OECD Asia	872
Uganda	Republic of Uganda	\buganda\w*	UG	UGA	800	800	226	190	Africa	Eastern Africa	WW	WF	WF	WWW	WWF	WWF	RoW	UGA	AFR	Eastern Africa	SSA												1962	1962		RoW							Other Africa	285
Ukraine	Ukraine	\bukrain\w*	UA	UKR	804	804	230	63	Europe	Eastern Europe	WW	WE	WE	WWW	WWE	WWE	RoW	UKR	FSU	Ukraine region	REF												1945	1945		RoW							Ukraine	85
United Arab Emirates	United Arab Emirates	\bemirates\\b|u\.?a\.?e\.?|\bunited.?arab.?em\w*|\bdubai\b|\babu dhabi\b	AE	ARE	784	784	225	156	Asia	Western Asia	WW	WM	WM	WWW	WWM	WWM	RoW	ARE	MEA	Middle East	MEA												1971	1971		RoW							United Arab Emirates	576
United Kingdom	United Kingdom of Great Britain and Northern Ireland    \\bunited.?kingdom\w*|\\bbritain\\b|\\bu\.?k\.?|\\blondon\\b|\\bedinburgh\\b    GB  GBR 826	826	229	95	Europe	Northern Europe	GB	GB	GB	GBR	GBR	GBR	GBR	GBR	WEU	Western Europe	EUR	1961		EU28		EU27_2007	EU25	EU15	EU12	EEA			1945	1945		EU					G7	G20	United Kingdom	12
United States	United States of America	(?<!\bislands.*)\bunited.?states|u\.?s\.?a\.?|u\.s\.|\bnew york\w*|\blos angeles\b|\bchicago\b|\bsan francisco\b|\bmiami\b|\bflorida\b|\bcalifornia\b|\blas vegas\b|\borlando\b|\bhonolulu\b|\bhawaii\b|\bwashington d\.?c\.?|\bboston\b|\bsan jose\b|\bhouston\b|\batlanta\b|\bdallas\b	US	USA	840	840	231	102	America	Northern America	US	US	US	USA	USA	USA	USA	USA	NAM	USA	USA	1961											1945	1945		HI		APEC			G7	G20	United States	302
United States Minor Outlying Islands	United States Minor Outlying Islands	\bminor.?outlying.?is\w*	UM	UMI	581	581	232		Oceania	Micronesia	WW	WA	WA	WWW	WWA	WWA	RoW				OAS															RoW							Other non-OECD Asia
United States Virgin Islands	Virgin Islands of the United States	u\.?\s?s.*virgin\w*|\bstates.*virgin\w*	VI	VIR	850	850	240	422	America	Caribbean	WW	WL	WL	WWW	WWL	WWL	RoW	VIR	NAM	Central America	LAM															RoW							Other non-OECD Americas
Uruguay	Oriental Republic of Uruguay	\buruguay\w*|\bmontevideo\b	UY	URY	858	858	234	99	America	South America	WW	WL	WL	WWW	WWL	WWL	RoW	URY	LAC	Rest of South America	LAM												1945	1945		RoW							Uruguay
Uzbekistan	Republic of Uzbekistan	\buzbek\w*	UZ	UZB	860	860	235	41	Asia	Central Asia	WW	WA	WA	WWW	WWA	WWA	RoW	UZB	FSU	Central Asia	REF												1992	1992		RoW				CIS			Uzbekistan	617
Vanuatu	Republic of Vanuatu	\bvanuatu\w*|\bnew.?hebrides\w*	VU	VUT	548	548	155	30	Oceania	Melanesia	WW	WA	WA	WWW	WWA	WWA	RoW	VUT	PAS	Oceania	OAS												1981	1981		RoW							Other non-OECD Asia	854
Vatican	Vatican City State	\bholy.?see\w*|\bvatican\b|\bpapal.?st\w*	VA	VAT	336	336	94		Europe	Southern Europe	WW	WE	WE	WWW	WWE	WWE	RoW	VAT		Western Europe	NEU															RoW
Venezuela	Bolivarian Republic of Venezuela	\bvenezuela\w*	VE	VEN	862	862	236	133	America	South America	WW	WL	WL	WWW	WWL	WWL	RoW	VEN	LAC	Rest of South America	LAM												1945	1945		RoW							Bolivarian Republic of Venezuela	463
Vietnam	Socialist Republic of Vietnam	"\bviet.?nam\w*|\bhanoi\\b|\bho chi minh\b|\bha long\b|\bda nang\b"	VN	VNM	704	704	237	20	Asia	South-Eastern Asia	WW	WA	WA	WWW	WWA	WWA	RoW	VNM	CPA	Southeastern Asia	OAS												1977	1977		RoW		APEC					Viet Nam	769
Wallis and Futuna Islands	Wallis and Futuna Islands	\bfutuna\b|\bwallis\b	WF	WLF	876	876	243		Oceania	Polynesia	WW	WA	WA	WWW	WWA	WWA	RoW	WLF		Oceania	OAS															RoW							Other non-OECD Asia	876
Western Sahara	Western Sahara	\bw.*sahara\w*	EH	ESH	732	732	205	199	Africa	Northern Africa	WW	WF	WF	WWW	WWF	WWF	RoW	ESH		Northern Africa	MEA															RoW							Other Africa
Yemen	Republic of Yemen	\byemen\w*	YE	YEM	887	887	249	157	Asia	Western Asia	WW	WM	WM	WWW	WWM	WWM	RoW	YEM	MEA	Middle East	MEA												1947	1947		RoW							Yemen	580
Zambia	Republic of Zambia	\bzambia\w*|\bnorthern.?rhodesia\w*	ZM	ZMB	894	894	251	191	Africa	Eastern Africa	WW	WF	WF	WWW	WWF	WWF	RoW	ZMB	AFR	Rest of Southern Africa	SSA												1964	1964		RoW							Zambia	288
Zanzibar	Zanzibar	\bzanz\w*|\btanzania:?zanzibar\w*		EAZ					Africa	Eastern Africa	WW	WF	WF	WWW	WWF	WWF	RoW																		1964	RoW							Other Africa
Zimbabwe	Republic of Zimbabwe	\bzimbabw\w*|(?<!\bnorth.*)\brhodesia\w*	ZW	ZWE	716	716	181	198	Africa	Eastern Africa	WW	WF	WF	WWW	WWF	WWF	RoW	ZWE	AFR	Rest of Southern Africa	SSA												1980	1980		RoW							Zimbabwe	265
